{
    "input_path": "/Users/christer/Downloads/general_ocr_001.png",
    "dt_polys": [
        [
            [
                46,
                415
            ],
            [
                482,
                392
            ],
            [
                484,
                429
            ],
            [
                47,
                452
            ]
        ],
        [
            [
                191,
                458
            ],
            [
                398,
                449
            ],
            [
                400,
                481
            ],
            [
                193,
                490
            ]
        ],
        [
            [
                23,
                508
            ],
            [
                512,
                491
            ],
            [
                513,
                532
            ],
            [
                25,
                549
            ]
        ],
        [
            [
                77,
                555
            ],
            [
                447,
                544
            ],
            [
                448,
                571
            ],
            [
                78,
                582
            ]
        ]
    ],
    "dt_scores": [
        0.8194848722140857,
        0.6926675327402309,
        0.7853525558235094,
        0.7564816481222062
    ],
    "rec_text": [
        "上海斯格威铂尔文大酒店",
        "打浦路15号",
        "绿洲仕格维花园公寓",
        "打浦路252935号二"
    ],
    "rec_score": [
        0.9473564624786377,
        0.9957389235496521,
        0.9807522296905518,
        0.9345666766166687
    ]
}